FullName,PAN_Number,Aadhaar_ID,Phone_Number,Password_Required,Persona,Tier,CreditScore
"Ananya Iyer","PNGND1694Z","419679142020","9876543210","(Set by You during login)","Salaried IT Prof.","Tier1",785
"Prithviraj Chauhan","HPGBT9246V","403393833964","9876543211","(Set by You during login)","Sales Executive","Tier2",640
"Savitri Devi Kumari","CPLDH2769D","390892054116","9876543212","(Set by You during login)","SHG Member","Tier3_Rural",450
"Venkataramaiah Goud","ABCDE1040F","999900001040","9810000000","(Set by You during login)","Farmer","Tier1",400
"Raju Kumar Sahu","ABCDE1041F","999900001041","9910078423","(Set by You during login)","Auto Driver","Tier2",405
"Usha Srivastava","ABCDE1042F","999900001042","8810156846","(Set by You during login)","Teacher","Tier3_Rural",410
"Anil Mishra","ABCDE1043F","999900001043","7710235269","(Set by You during login)","Logistics Lead","Tier1",415
"Priya Ramachandran","ABCDE1044F","999900001044","9110313692","(Set by You during login)","Healthcare Worker","Tier2",420
"Vikas Bhat","ABCDE1045F","999900001045","9810392115","(Set by You during login)","Rural Artisan","Tier3_Rural",425
"Sudhir Naik","ABCDE1046F","999900001046","9910470538","(Set by You during login)","Urban Tech Lead","Tier1",430
"Nitin Joshi","ABCDE1047F","999900001047","8810548961","(Set by You during login)","Gig Economy Partner","Tier2",435
"Ramakrishna Das","ABCDE1048F","999900001048","7710627384","(Set by You during login)","Farmer","Tier3_Rural",440
"Kanchana Devi","ABCDE1049F","999900001049","9110705807","(Set by You during login)","Auto Driver","Tier1",445
"Rehan Ali","ABCDE1050F","999900001050","9810784230","(Set by You during login)","Teacher","Tier2",450
"Manjula Rao","ABCDE1051F","999900001051","9910862653","(Set by You during login)","Logistics Lead","Tier3_Rural",455
"Anita Kumari Jha","ABCDE1052F","999900001052","8810941076","(Set by You during login)","Healthcare Worker","Tier1",460
"Bharat Rana","ABCDE1053F","999900001053","7711019499","(Set by You during login)","Rural Artisan","Tier2",465
"Rukminibai Gaikwad","ABCDE1054F","999900001054","9111097922","(Set by You during login)","Urban Tech Lead","Tier3_Rural",470
"Santosh Paswan","ABCDE1055F","999900001055","9811176345","(Set by You during login)","Gig Economy Partner","Tier1",475
"Divya Menon","ABCDE1056F","999900001056","9911254768","(Set by You during login)","Farmer","Tier2",480
"Laxmibai Patil","ABCDE1057F","999900001057","8811333191","(Set by You during login)","Auto Driver","Tier3_Rural",485
"Aruna Desai","ABCDE1058F","999900001058","7711411614","(Set by You during login)","Teacher","Tier1",490
"Bijay Nayak","ABCDE1059F","999900001059","9111490037","(Set by You during login)","Logistics Lead","Tier2",495
"Vikram Gupta","ABCDE1060F","999900001060","9811568460","(Set by You during login)","Healthcare Worker","Tier3_Rural",500
"Arjun Reddy","ABCDE1061F","999900001061","9911646883","(Set by You during login)","Rural Artisan","Tier1",505
"Sushma Singh","ABCDE1062F","999900001062","8811725306","(Set by You during login)","Urban Tech Lead","Tier2",510
"Hanumanthu Reddy","ABCDE1063F","999900001063","7711803729","(Set by You during login)","Gig Economy Partner","Tier3_Rural",515
"Bhagyalakshmi Rao","ABCDE1064F","999900001064","9111882152","(Set by You during login)","Farmer","Tier1",520
"Tanya Malhotra","ABCDE1065F","999900001065","9811960575","(Set by You during login)","Auto Driver","Tier2",525
"Prakash Yadav","ABCDE1066F","999900001066","9912038998","(Set by You during login)","Teacher","Tier3_Rural",530
"Jagdish Patel","ABCDE1067F","999900001067","8812117421","(Set by You during login)","Logistics Lead","Tier1",535
"Arjun Krishnaswamy","ABCDE1068F","999900001068","7712195844","(Set by You during login)","Healthcare Worker","Tier2",540
"Pradeep Kapoor","ABCDE1069F","999900001069","9112274267","(Set by You during login)","Rural Artisan","Tier3_Rural",545
"Rohan Malhotra","ABCDE1070F","999900001070","9812352690","(Set by You during login)","Urban Tech Lead","Tier1",550
"Siddharth Rao","ABCDE1071F","999900001071","9912431113","(Set by You during login)","Gig Economy Partner","Tier2",555
"Deepa Nair","ABCDE1072F","999900001072","8812509536","(Set by You during login)","Farmer","Tier3_Rural",560
"Mahesh Jain","ABCDE1073F","999900001073","7712587959","(Set by You during login)","Auto Driver","Tier1",565
"Kabir Sharma","ABCDE1074F","999900001074","9112666382","(Set by You during login)","Teacher","Tier2",570
"Karthik Subramanian","ABCDE1075F","999900001075","9812744805","(Set by You during login)","Logistics Lead","Tier3_Rural",575
"Tulsiram Sahu","ABCDE1076F","999900001076","9912823228","(Set by You during login)","Healthcare Worker","Tier1",580
"Abdul Salam Malik","ABCDE1077F","999900001077","8812901651","(Set by You during login)","Rural Artisan","Tier2",585
"Vinod Singhal","ABCDE1078F","999900001078","7712980074","(Set by You during login)","Urban Tech Lead","Tier3_Rural",590
"Swathi Krishnan","ABCDE1079F","999900001079","9113058497","(Set by You during login)","Gig Economy Partner","Tier1",595
"Santosh Nair","ABCDE1080F","999900001080","9813136920","(Set by You during login)","Farmer","Tier2",600
"Meghna Pillai","ABCDE1081F","999900001081","9913215343","(Set by You during login)","Auto Driver","Tier3_Rural",605
"Phulwati Yadav","ABCDE1082F","999900001082","8813293766","(Set by You during login)","Teacher","Tier1",610
"Vimala Singh","ABCDE1083F","999900001083","7713372189","(Set by You during login)","Logistics Lead","Tier2",615
"Hemant Soni","ABCDE1084F","999900001084","9113450612","(Set by You during login)","Healthcare Worker","Tier3_Rural",620
"Ajay Srivastava","ABCDE1085F","999900001085","9813529035","(Set by You during login)","Rural Artisan","Tier1",625
"Ravi Shankar Dubey","ABCDE1086F","999900001086","9913607458","(Set by You during login)","Urban Tech Lead","Tier2",630
"Shilpa Verma","ABCDE1087F","999900001087","8813685881","(Set by You during login)","Gig Economy Partner","Tier3_Rural",635
"Mihir Joshi","ABCDE1088F","999900001088","7713764304","(Set by You during login)","Farmer","Tier1",640
"Navya Menon","ABCDE1089F","999900001089","9113842727","(Set by You during login)","Auto Driver","Tier2",645
"Vivek Sinha","ABCDE1090F","999900001090","9813921150","(Set by You during login)","Teacher","Tier3_Rural",650
"Snehal Joshi","ABCDE1091F","999900001091","9913999573","(Set by You during login)","Logistics Lead","Tier1",655
"Kishore Jalan","ABCDE1092F","999900001092","8814077996","(Set by You during login)","Healthcare Worker","Tier2",660
"Harish Sharma","ABCDE1093F","999900001093","7714156419","(Set by You during login)","Rural Artisan","Tier3_Rural",665
"Saroja Devi","ABCDE1094F","999900001094","9114234842","(Set by You during login)","Urban Tech Lead","Tier1",670
"Aarav Singh","ABCDE1095F","999900001095","9814313265","(Set by You during login)","Gig Economy Partner","Tier2",675
"Satish Patil","ABCDE1096F","999900001096","9914391688","(Set by You during login)","Farmer","Tier3_Rural",680
"Ramchandra Lodhi","ABCDE1097F","999900001097","8814470111","(Set by You during login)","Auto Driver","Tier1",685
"Keya Ghosh","ABCDE1098F","999900001098","7714548534","(Set by You during login)","Teacher","Tier2",690
"Dinesh Verma","ABCDE1099F","999900001099","9114626957","(Set by You during login)","Logistics Lead","Tier3_Rural",695
"Shankar Tiwari","ABCDE1100F","999900001100","9814705380","(Set by You during login)","Healthcare Worker","Tier1",700
"Shivraj Patil","ABCDE1101F","999900001101","9914783803","(Set by You during login)","Rural Artisan","Tier2",705
"Kamala Bai Thakur","ABCDE1102F","999900001102","8814862226","(Set by You during login)","Urban Tech Lead","Tier3_Rural",710
"Bharat Singh","ABCDE1103F","999900001103","7714940649","(Set by You during login)","Gig Economy Partner","Tier1",715
"Dev Pillai","ABCDE1104F","999900001104","9115019072","(Set by You during login)","Farmer","Tier2",720
"Annapurna Das","ABCDE1105F","999900001105","9815097495","(Set by You during login)","Auto Driver","Tier3_Rural",725
"Poornima Joshi","ABCDE1106F","999900001106","9915175918","(Set by You during login)","Teacher","Tier1",730
"Venkatesh Naidu","ABCDE1107F","999900001107","8815254341","(Set by You during login)","Logistics Lead","Tier2",735
"Meenakshi Sundaram","ABCDE1108F","999900001108","7715332764","(Set by You during login)","Healthcare Worker","Tier3_Rural",740
"Manish Kumar","ABCDE1109F","999900001109","9115411187","(Set by You during login)","Rural Artisan","Tier1",745
"Padmaja Menon","ABCDE1110F","999900001110","9815489610","(Set by You during login)","Urban Tech Lead","Tier2",750
"Ajay Kumar Bind","ABCDE1111F","999900001111","9915568033","(Set by You during login)","Gig Economy Partner","Tier3_Rural",755
"Narasimhaiah Reddy","ABCDE1112F","999900001112","8815646456","(Set by You during login)","Farmer","Tier1",760
"Arvind Batra","ABCDE1113F","999900001113","7715724879","(Set by You during login)","Auto Driver","Tier2",765
"Kailash Meena","ABCDE1114F","999900001114","9115803302","(Set by You during login)","Teacher","Tier3_Rural",770
"Vasantha Lakshmi","ABCDE1115F","999900001115","9815881725","(Set by You during login)","Logistics Lead","Tier1",775
"Feroz Ahmed Khan","ABCDE1116F","999900001116","9915960148","(Set by You during login)","Healthcare Worker","Tier2",780
"Gaurav Sen","ABCDE1117F","999900001117","8816038571","(Set by You during login)","Rural Artisan","Tier3_Rural",785
"Ishita Sharma","ABCDE1118F","999900001118","7716116994","(Set by You during login)","Urban Tech Lead","Tier1",790
"Kiran Deshmukh","ABCDE1119F","999900001119","9116195417","(Set by You during login)","Gig Economy Partner","Tier2",795
"Maya Deshpande","ABCDE1120F","999900001120","9816273840","(Set by You during login)","Farmer","Tier3_Rural",800
"Sunil Gavaskar","ABCDE1121F","999900001121","9916352263","(Set by You during login)","Auto Driver","Tier1",805
"Kapil Dev","ABCDE1122F","999900001122","8816430686","(Set by You during login)","Teacher","Tier2",810
"Sachin Tendulkar","ABCDE1123F","999900001123","7716509109","(Set by You during login)","Logistics Lead","Tier3_Rural",815
"Rahul Dravid","ABCDE1124F","999900001124","9116587532","(Set by You during login)","Healthcare Worker","Tier1",820
"Virat Kohli","ABCDE1125F","999900001125","9816665955","(Set by You during login)","Rural Artisan","Tier2",825
"Rohit Sharma","ABCDE1126F","999900001126","9916744378","(Set by You during login)","Urban Tech Lead","Tier3_Rural",830
"MS Dhoni","ABCDE1127F","999900001127","8816822801","(Set by You during login)","Gig Economy Partner","Tier1",835
"Jasprit Bumrah","ABCDE1128F","999900001128","7716901224","(Set by You during login)","Farmer","Tier2",840
"Hardik Pandya","ABCDE1129F","999900001129","9116979647","(Set by You during login)","Auto Driver","Tier3_Rural",845
"Shubman Gill","ABCDE1130F","999900001130","9817058070","(Set by You during login)","Teacher","Tier1",400
"Rishabh Pant","ABCDE1131F","999900001131","9917136493","(Set by You during login)","Logistics Lead","Tier2",405
"Ravindra Jadeja","ABCDE1132F","999900001132","8817214916","(Set by You during login)","Healthcare Worker","Tier3_Rural",410
"KL Rahul","ABCDE1133F","999900001133","7717293339","(Set by You during login)","Rural Artisan","Tier1",415
"Shreyas Iyer","ABCDE1134F","999900001134","9117371762","(Set by You during login)","Urban Tech Lead","Tier2",420
"Mohammed Shami","ABCDE1135F","999900001135","9817450185","(Set by You during login)","Gig Economy Partner","Tier3_Rural",425
"Suryakumar Yadav","ABCDE1136F","999900001136","9917528608","(Set by You during login)","Farmer","Tier1",430
